HK2004;1;A;VENTANA;true;INDEFINIDO;NINGUNO
HK2004;1;B;PASILLO;true;INDEFINIDO;NINGUNO
HK2004;1;C;PASILLO;true;INDEFINIDO;NINGUNO
HK2004;1;D;VENTANA;true;INDEFINIDO;NINGUNO
HK2004;2;A;VENTANA;true;INDEFINIDO;NINGUNO
HK2004;2;B;PASILLO;true;INDEFINIDO;NINGUNO
HK2004;2;C;PASILLO;true;INDEFINIDO;NINGUNO
HK2004;2;D;VENTANA;true;INDEFINIDO;NINGUNO
HK2004;3;A;VENTANA;true;VEGETARIANO;WHISKEY
HK2004;3;B;PASILLO;true;INDEFINIDO;NINGUNO
HK2004;3;C;PASILLO;true;INDEFINIDO;NINGUNO
HK2004;3;D;VENTANA;true;INDEFINIDO;NINGUNO
HK2004;4;A;VENTANA;true;INDEFINIDO;NINGUNO
HK2004;4;B;PASILLO;true;INDEFINIDO;NINGUNO
HK2004;4;C;PASILLO;true;INDEFINIDO;NINGUNO
HK2004;4;D;VENTANA;true;INDEFINIDO;NINGUNO
HK2004;5;A;VENTANA;true;INDEFINIDO;NINGUNO
HK2004;5;B;PASILLO;true;INDEFINIDO;NINGUNO
HK2004;5;C;PASILLO;true;INDEFINIDO;NINGUNO
HK2004;5;D;VENTANA;true;INDEFINIDO;NINGUNO
HK2004;6;A;VENTANA;true;INDEFINIDO;NINGUNO
HK2004;6;B;PASILLO;true;INDEFINIDO;NINGUNO
HK2004;6;C;PASILLO;true;INDEFINIDO;NINGUNO
HK2004;6;D;VENTANA;true;INDEFINIDO;NINGUNO
HK2004;7;A;VENTANA;true
HK2004;7;B;CENTRAL;true
HK2004;7;C;PASILLO;true
HK2004;7;D;PASILLO;true
HK2004;7;E;CENTRAL;true
HK2004;7;F;VENTANA;true
HK2004;8;A;VENTANA;true
HK2004;8;B;CENTRAL;true
HK2004;8;C;PASILLO;true
HK2004;8;D;PASILLO;true
HK2004;8;E;CENTRAL;true
HK2004;8;F;VENTANA;true
HK2004;9;A;VENTANA;true
HK2004;9;B;CENTRAL;true
HK2004;9;C;PASILLO;true
HK2004;9;D;PASILLO;true
HK2004;9;E;CENTRAL;true
HK2004;9;F;VENTANA;true
HK2004;10;A;VENTANA;true
HK2004;10;B;CENTRAL;true
HK2004;10;C;PASILLO;true
HK2004;10;D;PASILLO;true
HK2004;10;E;CENTRAL;true
HK2004;10;F;VENTANA;true
HK2004;11;A;VENTANA;true
HK2004;11;B;CENTRAL;true
HK2004;11;C;PASILLO;true
HK2004;11;D;PASILLO;true
HK2004;11;E;CENTRAL;true
HK2004;11;F;VENTANA;true
HK2004;12;A;VENTANA;true
HK2004;12;B;CENTRAL;true
HK2004;12;C;PASILLO;true
HK2004;12;D;PASILLO;true
HK2004;12;E;CENTRAL;true
HK2004;12;F;VENTANA;true
HK2004;13;A;VENTANA;true
HK2004;13;B;CENTRAL;true
HK2004;13;C;PASILLO;true
HK2004;13;D;PASILLO;true
HK2004;13;E;CENTRAL;true
HK2004;13;F;VENTANA;true
HK2004;14;A;VENTANA;true
HK2004;14;B;CENTRAL;true
HK2004;14;C;PASILLO;true
HK2004;14;D;PASILLO;true
HK2004;14;E;CENTRAL;true
HK2004;14;F;VENTANA;true
HK2004;15;A;VENTANA;true
HK2004;15;B;CENTRAL;true
HK2004;15;C;PASILLO;true
HK2004;15;D;PASILLO;true
HK2004;15;E;CENTRAL;true
HK2004;15;F;VENTANA;true
HK2000;1;A;VENTANA;true;INDEFINIDO;NINGUNO
HK2000;1;B;PASILLO;true;INDEFINIDO;NINGUNO
HK2000;1;C;PASILLO;true;INDEFINIDO;NINGUNO
HK2000;1;D;VENTANA;true;INDEFINIDO;NINGUNO
HK2000;2;A;VENTANA;true;INDEFINIDO;NINGUNO
HK2000;2;B;PASILLO;true;INDEFINIDO;NINGUNO
HK2000;2;C;PASILLO;true;INDEFINIDO;NINGUNO
HK2000;2;D;VENTANA;true;INDEFINIDO;NINGUNO
HK2000;3;A;VENTANA;true;INDEFINIDO;NINGUNO
HK2000;3;B;PASILLO;true;INDEFINIDO;NINGUNO
HK2000;3;C;PASILLO;true;INDEFINIDO;NINGUNO
HK2000;3;D;VENTANA;true;INDEFINIDO;NINGUNO
HK2000;4;A;VENTANA;true;INDEFINIDO;NINGUNO
HK2000;4;B;PASILLO;true;INDEFINIDO;NINGUNO
HK2000;4;C;PASILLO;true;INDEFINIDO;NINGUNO
HK2000;4;D;VENTANA;true;INDEFINIDO;NINGUNO
HK2000;5;A;VENTANA;true;INDEFINIDO;NINGUNO
HK2000;5;B;PASILLO;true;INDEFINIDO;NINGUNO
HK2000;5;C;PASILLO;true;INDEFINIDO;NINGUNO
HK2000;5;D;VENTANA;true;INDEFINIDO;NINGUNO
HK2000;6;A;VENTANA;true;INDEFINIDO;NINGUNO
HK2000;6;B;PASILLO;true;INDEFINIDO;NINGUNO
HK2000;6;C;PASILLO;true;INDEFINIDO;NINGUNO
HK2000;6;D;VENTANA;true;INDEFINIDO;NINGUNO
HK2000;7;A;VENTANA;true
HK2000;7;B;CENTRAL;true
HK2000;7;C;PASILLO;true
HK2000;7;D;PASILLO;true
HK2000;7;E;CENTRAL;true
HK2000;7;F;VENTANA;true
HK2000;8;A;VENTANA;true
HK2000;8;B;CENTRAL;true
HK2000;8;C;PASILLO;true
HK2000;8;D;PASILLO;true
HK2000;8;E;CENTRAL;true
HK2000;8;F;VENTANA;true
HK2000;9;A;VENTANA;true
HK2000;9;B;CENTRAL;true
HK2000;9;C;PASILLO;true
HK2000;9;D;PASILLO;true
HK2000;9;E;CENTRAL;true
HK2000;9;F;VENTANA;true
HK2000;10;A;VENTANA;true
HK2000;10;B;CENTRAL;true
HK2000;10;C;PASILLO;true
HK2000;10;D;PASILLO;true
HK2000;10;E;CENTRAL;true
HK2000;10;F;VENTANA;true
HK2000;11;A;VENTANA;true
HK2000;11;B;CENTRAL;true
HK2000;11;C;PASILLO;true
HK2000;11;D;PASILLO;true
HK2000;11;E;CENTRAL;true
HK2000;11;F;VENTANA;true
HK2000;12;A;VENTANA;true
HK2000;12;B;CENTRAL;true
HK2000;12;C;PASILLO;true
HK2000;12;D;PASILLO;true
HK2000;12;E;CENTRAL;true
HK2000;12;F;VENTANA;true
HK2000;13;A;VENTANA;true
HK2000;13;B;CENTRAL;true
HK2000;13;C;PASILLO;true
HK2000;13;D;PASILLO;true
HK2000;13;E;CENTRAL;true
HK2000;13;F;VENTANA;true
HK2000;14;A;VENTANA;true
HK2000;14;B;CENTRAL;true
HK2000;14;C;PASILLO;true
HK2000;14;D;PASILLO;true
HK2000;14;E;CENTRAL;true
HK2000;14;F;VENTANA;true
HK2000;15;A;VENTANA;true
HK2000;15;B;CENTRAL;true
HK2000;15;C;PASILLO;true
HK2000;15;D;PASILLO;true
HK2000;15;E;CENTRAL;true
HK2000;15;F;VENTANA;true
HK2010;1;A;VENTANA;true;INDEFINIDO;NINGUNO
HK2010;1;B;PASILLO;true;INDEFINIDO;NINGUNO
HK2010;1;C;PASILLO;true;INDEFINIDO;NINGUNO
HK2010;1;D;VENTANA;true;INDEFINIDO;NINGUNO
HK2010;2;A;VENTANA;true;INDEFINIDO;NINGUNO
HK2010;2;B;PASILLO;true;INDEFINIDO;NINGUNO
HK2010;2;C;PASILLO;true;INDEFINIDO;NINGUNO
HK2010;2;D;VENTANA;true;INDEFINIDO;NINGUNO
HK2010;3;A;VENTANA;true;INDEFINIDO;NINGUNO
HK2010;3;B;PASILLO;true;INDEFINIDO;NINGUNO
HK2010;3;C;PASILLO;true;INDEFINIDO;NINGUNO
HK2010;3;D;VENTANA;true;INDEFINIDO;NINGUNO
HK2010;4;A;VENTANA;true;INDEFINIDO;NINGUNO
HK2010;4;B;PASILLO;true;INDEFINIDO;NINGUNO
HK2010;4;C;PASILLO;true;INDEFINIDO;NINGUNO
HK2010;4;D;VENTANA;true;INDEFINIDO;NINGUNO
HK2010;5;A;VENTANA;true;INDEFINIDO;NINGUNO
HK2010;5;B;PASILLO;true;INDEFINIDO;NINGUNO
HK2010;5;C;PASILLO;true;INDEFINIDO;NINGUNO
HK2010;5;D;VENTANA;true;INDEFINIDO;NINGUNO
HK2010;6;A;VENTANA;true;INDEFINIDO;NINGUNO
HK2010;6;B;PASILLO;true;INDEFINIDO;NINGUNO
HK2010;6;C;PASILLO;true;INDEFINIDO;NINGUNO
HK2010;6;D;VENTANA;true;INDEFINIDO;NINGUNO
HK2010;7;A;VENTANA;true
HK2010;7;B;CENTRAL;true
HK2010;7;C;PASILLO;true
HK2010;7;D;PASILLO;true
HK2010;7;E;CENTRAL;true
HK2010;7;F;VENTANA;true
HK2010;8;A;VENTANA;true
HK2010;8;B;CENTRAL;true
HK2010;8;C;PASILLO;true
HK2010;8;D;PASILLO;true
HK2010;8;E;CENTRAL;true
HK2010;8;F;VENTANA;true
HK2010;9;A;VENTANA;true
HK2010;9;B;CENTRAL;true
HK2010;9;C;PASILLO;true
HK2010;9;D;PASILLO;true
HK2010;9;E;CENTRAL;true
HK2010;9;F;VENTANA;true
HK2010;10;A;VENTANA;true
HK2010;10;B;CENTRAL;true
HK2010;10;C;PASILLO;true
HK2010;10;D;PASILLO;true
HK2010;10;E;CENTRAL;true
HK2010;10;F;VENTANA;true
HK2010;11;A;VENTANA;true
HK2010;11;B;CENTRAL;true
HK2010;11;C;PASILLO;true
HK2010;11;D;PASILLO;true
HK2010;11;E;CENTRAL;true
HK2010;11;F;VENTANA;true
HK2010;12;A;VENTANA;true
HK2010;12;B;CENTRAL;true
HK2010;12;C;PASILLO;true
HK2010;12;D;PASILLO;true
HK2010;12;E;CENTRAL;true
HK2010;12;F;VENTANA;true
HK2010;13;A;VENTANA;true
HK2010;13;B;CENTRAL;true
HK2010;13;C;PASILLO;true
HK2010;13;D;PASILLO;true
HK2010;13;E;CENTRAL;true
HK2010;13;F;VENTANA;true
HK2010;14;A;VENTANA;true
HK2010;14;B;CENTRAL;true
HK2010;14;C;PASILLO;true
HK2010;14;D;PASILLO;true
HK2010;14;E;CENTRAL;true
HK2010;14;F;VENTANA;true
HK2010;15;A;VENTANA;true
HK2010;15;B;CENTRAL;true
HK2010;15;C;PASILLO;true
HK2010;15;D;PASILLO;true
HK2010;15;E;CENTRAL;true
HK2010;15;F;VENTANA;true
HK2002;1;A;VENTANA;true;VEGETARIANO;OPORTO
HK2002;1;B;PASILLO;true;INDEFINIDO;NINGUNO
HK2002;1;C;PASILLO;true;INDEFINIDO;NINGUNO
HK2002;1;D;VENTANA;true;INDEFINIDO;NINGUNO
HK2002;2;A;VENTANA;true;INDEFINIDO;NINGUNO
HK2002;2;B;PASILLO;true;POLLO_A_LA_NARANJA;VINO
HK2002;2;C;PASILLO;true;INDEFINIDO;NINGUNO
HK2002;2;D;VENTANA;true;INDEFINIDO;NINGUNO
HK2002;3;A;VENTANA;true;INDEFINIDO;NINGUNO
HK2002;3;B;PASILLO;true;INDEFINIDO;NINGUNO
HK2002;3;C;PASILLO;true;FILETE_DE_PESCADO;VINO
HK2002;3;D;VENTANA;true;INDEFINIDO;NINGUNO
HK2002;4;A;VENTANA;true;INDEFINIDO;NINGUNO
HK2002;4;B;PASILLO;true;VEGETARIANO;VINO
HK2002;4;C;PASILLO;true;INDEFINIDO;NINGUNO
HK2002;4;D;VENTANA;true;POLLO_A_LA_NARANJA;VINO
HK2002;5;A;VENTANA;true;INDEFINIDO;NINGUNO
HK2002;5;B;PASILLO;true;INDEFINIDO;NINGUNO
HK2002;5;C;PASILLO;true;INDEFINIDO;NINGUNO
HK2002;5;D;VENTANA;true;INDEFINIDO;NINGUNO
HK2002;6;A;VENTANA;true;INDEFINIDO;NINGUNO
HK2002;6;B;PASILLO;true;INDEFINIDO;NINGUNO
HK2002;6;C;PASILLO;true;INDEFINIDO;NINGUNO
HK2002;6;D;VENTANA;true;INDEFINIDO;NINGUNO
HK2002;7;A;VENTANA;true
HK2002;7;B;CENTRAL;true
HK2002;7;C;PASILLO;true
HK2002;7;D;PASILLO;true
HK2002;7;E;CENTRAL;true
HK2002;7;F;VENTANA;true
HK2002;8;A;VENTANA;true
HK2002;8;B;CENTRAL;true
HK2002;8;C;PASILLO;true
HK2002;8;D;PASILLO;true
HK2002;8;E;CENTRAL;true
HK2002;8;F;VENTANA;true
HK2002;9;A;VENTANA;true
HK2002;9;B;CENTRAL;true
HK2002;9;C;PASILLO;true
HK2002;9;D;PASILLO;true
HK2002;9;E;CENTRAL;true
HK2002;9;F;VENTANA;true
HK2002;10;A;VENTANA;true
HK2002;10;B;CENTRAL;true
HK2002;10;C;PASILLO;true
HK2002;10;D;PASILLO;true
HK2002;10;E;CENTRAL;true
HK2002;10;F;VENTANA;true
HK2002;11;A;VENTANA;true
HK2002;11;B;CENTRAL;true
HK2002;11;C;PASILLO;true
HK2002;11;D;PASILLO;true
HK2002;11;E;CENTRAL;true
HK2002;11;F;VENTANA;true
HK2002;12;A;VENTANA;true
HK2002;12;B;CENTRAL;true
HK2002;12;C;PASILLO;true
HK2002;12;D;PASILLO;true
HK2002;12;E;CENTRAL;true
HK2002;12;F;VENTANA;true
HK2002;13;A;VENTANA;true
HK2002;13;B;CENTRAL;true
HK2002;13;C;PASILLO;true
HK2002;13;D;PASILLO;true
HK2002;13;E;CENTRAL;true
HK2002;13;F;VENTANA;true
HK2002;14;A;VENTANA;true
HK2002;14;B;CENTRAL;true
HK2002;14;C;PASILLO;true
HK2002;14;D;PASILLO;true
HK2002;14;E;CENTRAL;true
HK2002;14;F;VENTANA;true
HK2002;15;A;VENTANA;true
HK2002;15;B;CENTRAL;true
HK2002;15;C;PASILLO;true
HK2002;15;D;PASILLO;true
HK2002;15;E;CENTRAL;true
HK2002;15;F;VENTANA;true
HK2003;1;A;VENTANA;true;VEGETARIANO;OPORTO
HK2003;1;B;PASILLO;true;INDEFINIDO;NINGUNO
HK2003;1;C;PASILLO;true;INDEFINIDO;NINGUNO
HK2003;1;D;VENTANA;true;INDEFINIDO;NINGUNO
HK2003;2;A;VENTANA;true;INDEFINIDO;NINGUNO
HK2003;2;B;PASILLO;true;INDEFINIDO;NINGUNO
HK2003;2;C;PASILLO;true;INDEFINIDO;NINGUNO
HK2003;2;D;VENTANA;true;INDEFINIDO;NINGUNO
HK2003;3;A;VENTANA;true;INDEFINIDO;NINGUNO
HK2003;3;B;PASILLO;true;INDEFINIDO;NINGUNO
HK2003;3;C;PASILLO;true;INDEFINIDO;NINGUNO
HK2003;3;D;VENTANA;true;INDEFINIDO;NINGUNO
HK2003;4;A;VENTANA;true;INDEFINIDO;NINGUNO
HK2003;4;B;PASILLO;true;INDEFINIDO;NINGUNO
HK2003;4;C;PASILLO;true;INDEFINIDO;NINGUNO
HK2003;4;D;VENTANA;true;INDEFINIDO;NINGUNO
HK2003;5;A;VENTANA;true;INDEFINIDO;NINGUNO
HK2003;5;B;PASILLO;true;INDEFINIDO;NINGUNO
HK2003;5;C;PASILLO;true;INDEFINIDO;NINGUNO
HK2003;5;D;VENTANA;true;INDEFINIDO;NINGUNO
HK2003;6;A;VENTANA;true;INDEFINIDO;NINGUNO
HK2003;6;B;PASILLO;true;INDEFINIDO;NINGUNO
HK2003;6;C;PASILLO;true;INDEFINIDO;NINGUNO
HK2003;6;D;VENTANA;true;INDEFINIDO;NINGUNO
HK2003;7;A;VENTANA;true
HK2003;7;B;CENTRAL;true
HK2003;7;C;PASILLO;true
HK2003;7;D;PASILLO;true
HK2003;7;E;CENTRAL;true
HK2003;7;F;VENTANA;true
HK2003;8;A;VENTANA;true
HK2003;8;B;CENTRAL;true
HK2003;8;C;PASILLO;true
HK2003;8;D;PASILLO;true
HK2003;8;E;CENTRAL;true
HK2003;8;F;VENTANA;true
HK2003;9;A;VENTANA;true
HK2003;9;B;CENTRAL;true
HK2003;9;C;PASILLO;true
HK2003;9;D;PASILLO;true
HK2003;9;E;CENTRAL;true
HK2003;9;F;VENTANA;true
HK2003;10;A;VENTANA;true
HK2003;10;B;CENTRAL;true
HK2003;10;C;PASILLO;true
HK2003;10;D;PASILLO;true
HK2003;10;E;CENTRAL;true
HK2003;10;F;VENTANA;true
HK2003;11;A;VENTANA;true
HK2003;11;B;CENTRAL;true
HK2003;11;C;PASILLO;true
HK2003;11;D;PASILLO;true
HK2003;11;E;CENTRAL;true
HK2003;11;F;VENTANA;true
HK2003;12;A;VENTANA;true
HK2003;12;B;CENTRAL;true
HK2003;12;C;PASILLO;true
HK2003;12;D;PASILLO;true
HK2003;12;E;CENTRAL;true
HK2003;12;F;VENTANA;true
HK2003;13;A;VENTANA;true
HK2003;13;B;CENTRAL;true
HK2003;13;C;PASILLO;true
HK2003;13;D;PASILLO;true
HK2003;13;E;CENTRAL;true
HK2003;13;F;VENTANA;true
HK2003;14;A;VENTANA;true
HK2003;14;B;CENTRAL;true
HK2003;14;C;PASILLO;true
HK2003;14;D;PASILLO;true
HK2003;14;E;CENTRAL;true
HK2003;14;F;VENTANA;true
HK2003;15;A;VENTANA;true
HK2003;15;B;CENTRAL;true
HK2003;15;C;PASILLO;true
HK2003;15;D;PASILLO;true
HK2003;15;E;CENTRAL;true
HK2003;15;F;VENTANA;true
HK2005;1;A;VENTANA;true;INDEFINIDO;NINGUNO
HK2005;1;B;PASILLO;true;INDEFINIDO;NINGUNO
HK2005;1;C;PASILLO;true;INDEFINIDO;NINGUNO
HK2005;1;D;VENTANA;true;INDEFINIDO;NINGUNO
HK2005;2;A;VENTANA;true;INDEFINIDO;NINGUNO
HK2005;2;B;PASILLO;true;INDEFINIDO;NINGUNO
HK2005;2;C;PASILLO;true;INDEFINIDO;NINGUNO
HK2005;2;D;VENTANA;true;INDEFINIDO;NINGUNO
HK2005;3;A;VENTANA;true;INDEFINIDO;NINGUNO
HK2005;3;B;PASILLO;true;INDEFINIDO;NINGUNO
HK2005;3;C;PASILLO;true;INDEFINIDO;NINGUNO
HK2005;3;D;VENTANA;true;INDEFINIDO;NINGUNO
HK2005;4;A;VENTANA;true;INDEFINIDO;NINGUNO
HK2005;4;B;PASILLO;true;INDEFINIDO;NINGUNO
HK2005;4;C;PASILLO;true;INDEFINIDO;NINGUNO
HK2005;4;D;VENTANA;true;INDEFINIDO;NINGUNO
HK2005;5;A;VENTANA;true;INDEFINIDO;NINGUNO
HK2005;5;B;PASILLO;true;INDEFINIDO;NINGUNO
HK2005;5;C;PASILLO;true;INDEFINIDO;NINGUNO
HK2005;5;D;VENTANA;true;INDEFINIDO;NINGUNO
HK2005;6;A;VENTANA;true;INDEFINIDO;NINGUNO
HK2005;6;B;PASILLO;true;INDEFINIDO;NINGUNO
HK2005;6;C;PASILLO;true;INDEFINIDO;NINGUNO
HK2005;6;D;VENTANA;true;INDEFINIDO;NINGUNO
HK2005;7;A;VENTANA;true
HK2005;7;B;CENTRAL;true
HK2005;7;C;PASILLO;true
HK2005;7;D;PASILLO;true
HK2005;7;E;CENTRAL;true
HK2005;7;F;VENTANA;true
HK2005;8;A;VENTANA;true
HK2005;8;B;CENTRAL;true
HK2005;8;C;PASILLO;true
HK2005;8;D;PASILLO;true
HK2005;8;E;CENTRAL;true
HK2005;8;F;VENTANA;true
HK2005;9;A;VENTANA;true
HK2005;9;B;CENTRAL;true
HK2005;9;C;PASILLO;true
HK2005;9;D;PASILLO;true
HK2005;9;E;CENTRAL;true
HK2005;9;F;VENTANA;true
HK2005;10;A;VENTANA;true
HK2005;10;B;CENTRAL;true
HK2005;10;C;PASILLO;true
HK2005;10;D;PASILLO;true
HK2005;10;E;CENTRAL;true
HK2005;10;F;VENTANA;true
HK2005;11;A;VENTANA;true
HK2005;11;B;CENTRAL;true
HK2005;11;C;PASILLO;true
HK2005;11;D;PASILLO;true
HK2005;11;E;CENTRAL;true
HK2005;11;F;VENTANA;true
HK2005;12;A;VENTANA;true
HK2005;12;B;CENTRAL;true
HK2005;12;C;PASILLO;true
HK2005;12;D;PASILLO;true
HK2005;12;E;CENTRAL;true
HK2005;12;F;VENTANA;true
HK2005;13;A;VENTANA;true
HK2005;13;B;CENTRAL;true
HK2005;13;C;PASILLO;true
HK2005;13;D;PASILLO;true
HK2005;13;E;CENTRAL;true
HK2005;13;F;VENTANA;true
HK2005;14;A;VENTANA;true
HK2005;14;B;CENTRAL;true
HK2005;14;C;PASILLO;true
HK2005;14;D;PASILLO;true
HK2005;14;E;CENTRAL;true
HK2005;14;F;VENTANA;true
HK2005;15;A;VENTANA;true
HK2005;15;B;CENTRAL;true
HK2005;15;C;PASILLO;true
HK2005;15;D;PASILLO;true
HK2005;15;E;CENTRAL;true
HK2005;15;F;VENTANA;true
HK2009;1;A;VENTANA;true;INDEFINIDO;NINGUNO
HK2009;1;B;PASILLO;true;INDEFINIDO;NINGUNO
HK2009;1;C;PASILLO;true;POLLO_A_LA_NARANJA;WHISKEY
HK2009;1;D;VENTANA;true;INDEFINIDO;NINGUNO
HK2009;2;A;VENTANA;true;INDEFINIDO;NINGUNO
HK2009;2;B;PASILLO;true;INDEFINIDO;NINGUNO
HK2009;2;C;PASILLO;true;INDEFINIDO;NINGUNO
HK2009;2;D;VENTANA;true;INDEFINIDO;NINGUNO
HK2009;3;A;VENTANA;true;INDEFINIDO;NINGUNO
HK2009;3;B;PASILLO;true;INDEFINIDO;NINGUNO
HK2009;3;C;PASILLO;true;INDEFINIDO;NINGUNO
HK2009;3;D;VENTANA;true;INDEFINIDO;NINGUNO
HK2009;4;A;VENTANA;true;INDEFINIDO;NINGUNO
HK2009;4;B;PASILLO;true;INDEFINIDO;NINGUNO
HK2009;4;C;PASILLO;true;INDEFINIDO;NINGUNO
HK2009;4;D;VENTANA;true;INDEFINIDO;NINGUNO
HK2009;5;A;VENTANA;true;INDEFINIDO;NINGUNO
HK2009;5;B;PASILLO;true;INDEFINIDO;NINGUNO
HK2009;5;C;PASILLO;true;INDEFINIDO;NINGUNO
HK2009;5;D;VENTANA;true;INDEFINIDO;NINGUNO
HK2009;6;A;VENTANA;true;INDEFINIDO;NINGUNO
HK2009;6;B;PASILLO;true;INDEFINIDO;NINGUNO
HK2009;6;C;PASILLO;true;INDEFINIDO;NINGUNO
HK2009;6;D;VENTANA;true;INDEFINIDO;NINGUNO
HK2009;7;A;VENTANA;true
HK2009;7;B;CENTRAL;true
HK2009;7;C;PASILLO;true
HK2009;7;D;PASILLO;true
HK2009;7;E;CENTRAL;true
HK2009;7;F;VENTANA;true
HK2009;8;A;VENTANA;true
HK2009;8;B;CENTRAL;true
HK2009;8;C;PASILLO;true
HK2009;8;D;PASILLO;true
HK2009;8;E;CENTRAL;true
HK2009;8;F;VENTANA;true
HK2009;9;A;VENTANA;true
HK2009;9;B;CENTRAL;true
HK2009;9;C;PASILLO;true
HK2009;9;D;PASILLO;true
HK2009;9;E;CENTRAL;true
HK2009;9;F;VENTANA;true
HK2009;10;A;VENTANA;true
HK2009;10;B;CENTRAL;true
HK2009;10;C;PASILLO;true
HK2009;10;D;PASILLO;true
HK2009;10;E;CENTRAL;true
HK2009;10;F;VENTANA;true
HK2009;11;A;VENTANA;true
HK2009;11;B;CENTRAL;true
HK2009;11;C;PASILLO;true
HK2009;11;D;PASILLO;true
HK2009;11;E;CENTRAL;true
HK2009;11;F;VENTANA;true
HK2009;12;A;VENTANA;true
HK2009;12;B;CENTRAL;true
HK2009;12;C;PASILLO;true
HK2009;12;D;PASILLO;true
HK2009;12;E;CENTRAL;true
HK2009;12;F;VENTANA;true
HK2009;13;A;VENTANA;true
HK2009;13;B;CENTRAL;true
HK2009;13;C;PASILLO;true
HK2009;13;D;PASILLO;true
HK2009;13;E;CENTRAL;true
HK2009;13;F;VENTANA;true
HK2009;14;A;VENTANA;true
HK2009;14;B;CENTRAL;true
HK2009;14;C;PASILLO;true
HK2009;14;D;PASILLO;true
HK2009;14;E;CENTRAL;true
HK2009;14;F;VENTANA;true
HK2009;15;A;VENTANA;true
HK2009;15;B;CENTRAL;true
HK2009;15;C;PASILLO;true
HK2009;15;D;PASILLO;true
HK2009;15;E;CENTRAL;true
HK2009;15;F;VENTANA;true
HK2011;1;A;VENTANA;true;INDEFINIDO;NINGUNO
HK2011;1;B;PASILLO;true;INDEFINIDO;NINGUNO
HK2011;1;C;PASILLO;true;INDEFINIDO;NINGUNO
HK2011;1;D;VENTANA;true;INDEFINIDO;NINGUNO
HK2011;2;A;VENTANA;true;INDEFINIDO;NINGUNO
HK2011;2;B;PASILLO;true;INDEFINIDO;NINGUNO
HK2011;2;C;PASILLO;true;INDEFINIDO;NINGUNO
HK2011;2;D;VENTANA;true;INDEFINIDO;NINGUNO
HK2011;3;A;VENTANA;true;INDEFINIDO;NINGUNO
HK2011;3;B;PASILLO;true;INDEFINIDO;NINGUNO
HK2011;3;C;PASILLO;true;INDEFINIDO;NINGUNO
HK2011;3;D;VENTANA;true;INDEFINIDO;NINGUNO
HK2011;4;A;VENTANA;true;INDEFINIDO;NINGUNO
HK2011;4;B;PASILLO;true;INDEFINIDO;NINGUNO
HK2011;4;C;PASILLO;true;INDEFINIDO;NINGUNO
HK2011;4;D;VENTANA;true;INDEFINIDO;NINGUNO
HK2011;5;A;VENTANA;true;INDEFINIDO;NINGUNO
HK2011;5;B;PASILLO;true;INDEFINIDO;NINGUNO
HK2011;5;C;PASILLO;true;INDEFINIDO;NINGUNO
HK2011;5;D;VENTANA;true;INDEFINIDO;NINGUNO
HK2011;6;A;VENTANA;true;INDEFINIDO;NINGUNO
HK2011;6;B;PASILLO;true;INDEFINIDO;NINGUNO
HK2011;6;C;PASILLO;true;INDEFINIDO;NINGUNO
HK2011;6;D;VENTANA;true;INDEFINIDO;NINGUNO
HK2011;7;A;VENTANA;true
HK2011;7;B;CENTRAL;true
HK2011;7;C;PASILLO;true
HK2011;7;D;PASILLO;true
HK2011;7;E;CENTRAL;true
HK2011;7;F;VENTANA;true
HK2011;8;A;VENTANA;true
HK2011;8;B;CENTRAL;true
HK2011;8;C;PASILLO;true
HK2011;8;D;PASILLO;true
HK2011;8;E;CENTRAL;true
HK2011;8;F;VENTANA;true
HK2011;9;A;VENTANA;true
HK2011;9;B;CENTRAL;true
HK2011;9;C;PASILLO;true
HK2011;9;D;PASILLO;true
HK2011;9;E;CENTRAL;true
HK2011;9;F;VENTANA;true
HK2011;10;A;VENTANA;true
HK2011;10;B;CENTRAL;true
HK2011;10;C;PASILLO;true
HK2011;10;D;PASILLO;true
HK2011;10;E;CENTRAL;true
HK2011;10;F;VENTANA;true
HK2011;11;A;VENTANA;true
HK2011;11;B;CENTRAL;true
HK2011;11;C;PASILLO;true
HK2011;11;D;PASILLO;true
HK2011;11;E;CENTRAL;true
HK2011;11;F;VENTANA;true
HK2011;12;A;VENTANA;true
HK2011;12;B;CENTRAL;true
HK2011;12;C;PASILLO;true
HK2011;12;D;PASILLO;true
HK2011;12;E;CENTRAL;true
HK2011;12;F;VENTANA;true
HK2011;13;A;VENTANA;true
HK2011;13;B;CENTRAL;true
HK2011;13;C;PASILLO;true
HK2011;13;D;PASILLO;true
HK2011;13;E;CENTRAL;true
HK2011;13;F;VENTANA;true
HK2011;14;A;VENTANA;true
HK2011;14;B;CENTRAL;true
HK2011;14;C;PASILLO;true
HK2011;14;D;PASILLO;true
HK2011;14;E;CENTRAL;true
HK2011;14;F;VENTANA;true
HK2011;15;A;VENTANA;true
HK2011;15;B;CENTRAL;true
HK2011;15;C;PASILLO;true
HK2011;15;D;PASILLO;true
HK2011;15;E;CENTRAL;true
HK2011;15;F;VENTANA;true
HK2012;1;A;VENTANA;true;INDEFINIDO;NINGUNO
HK2012;1;B;PASILLO;true;INDEFINIDO;NINGUNO
HK2012;1;C;PASILLO;true;INDEFINIDO;NINGUNO
HK2012;1;D;VENTANA;true;INDEFINIDO;NINGUNO
HK2012;2;A;VENTANA;true;INDEFINIDO;NINGUNO
HK2012;2;B;PASILLO;true;INDEFINIDO;NINGUNO
HK2012;2;C;PASILLO;true;INDEFINIDO;NINGUNO
HK2012;2;D;VENTANA;true;INDEFINIDO;NINGUNO
HK2012;3;A;VENTANA;true;INDEFINIDO;NINGUNO
HK2012;3;B;PASILLO;true;INDEFINIDO;NINGUNO
HK2012;3;C;PASILLO;true;INDEFINIDO;NINGUNO
HK2012;3;D;VENTANA;true;INDEFINIDO;NINGUNO
HK2012;4;A;VENTANA;true;INDEFINIDO;NINGUNO
HK2012;4;B;PASILLO;true;INDEFINIDO;NINGUNO
HK2012;4;C;PASILLO;true;INDEFINIDO;NINGUNO
HK2012;4;D;VENTANA;true;INDEFINIDO;NINGUNO
HK2012;5;A;VENTANA;true;INDEFINIDO;NINGUNO
HK2012;5;B;PASILLO;true;INDEFINIDO;NINGUNO
HK2012;5;C;PASILLO;true;INDEFINIDO;NINGUNO
HK2012;5;D;VENTANA;true;INDEFINIDO;NINGUNO
HK2012;6;A;VENTANA;true;INDEFINIDO;NINGUNO
HK2012;6;B;PASILLO;true;INDEFINIDO;NINGUNO
HK2012;6;C;PASILLO;true;INDEFINIDO;NINGUNO
HK2012;6;D;VENTANA;true;INDEFINIDO;NINGUNO
HK2012;7;A;VENTANA;true
HK2012;7;B;CENTRAL;true
HK2012;7;C;PASILLO;true
HK2012;7;D;PASILLO;true
HK2012;7;E;CENTRAL;true
HK2012;7;F;VENTANA;true
HK2012;8;A;VENTANA;true
HK2012;8;B;CENTRAL;true
HK2012;8;C;PASILLO;true
HK2012;8;D;PASILLO;true
HK2012;8;E;CENTRAL;true
HK2012;8;F;VENTANA;true
HK2012;9;A;VENTANA;true
HK2012;9;B;CENTRAL;true
HK2012;9;C;PASILLO;true
HK2012;9;D;PASILLO;true
HK2012;9;E;CENTRAL;true
HK2012;9;F;VENTANA;true
HK2012;10;A;VENTANA;true
HK2012;10;B;CENTRAL;true
HK2012;10;C;PASILLO;true
HK2012;10;D;PASILLO;true
HK2012;10;E;CENTRAL;true
HK2012;10;F;VENTANA;true
HK2012;11;A;VENTANA;true
HK2012;11;B;CENTRAL;true
HK2012;11;C;PASILLO;true
HK2012;11;D;PASILLO;true
HK2012;11;E;CENTRAL;true
HK2012;11;F;VENTANA;true
HK2012;12;A;VENTANA;true
HK2012;12;B;CENTRAL;true
HK2012;12;C;PASILLO;true
HK2012;12;D;PASILLO;true
HK2012;12;E;CENTRAL;true
HK2012;12;F;VENTANA;true
HK2012;13;A;VENTANA;true
HK2012;13;B;CENTRAL;true
HK2012;13;C;PASILLO;true
HK2012;13;D;PASILLO;true
HK2012;13;E;CENTRAL;true
HK2012;13;F;VENTANA;true
HK2012;14;A;VENTANA;true
HK2012;14;B;CENTRAL;true
HK2012;14;C;PASILLO;true
HK2012;14;D;PASILLO;true
HK2012;14;E;CENTRAL;true
HK2012;14;F;VENTANA;true
HK2012;15;A;VENTANA;true
HK2012;15;B;CENTRAL;true
HK2012;15;C;PASILLO;true
HK2012;15;D;PASILLO;true
HK2012;15;E;CENTRAL;true
HK2012;15;F;VENTANA;true
HK2008;1;A;VENTANA;true;INDEFINIDO;NINGUNO
HK2008;1;B;PASILLO;true;INDEFINIDO;NINGUNO
HK2008;1;C;PASILLO;true;INDEFINIDO;NINGUNO
HK2008;1;D;VENTANA;true;INDEFINIDO;NINGUNO
HK2008;2;A;VENTANA;true;INDEFINIDO;NINGUNO
HK2008;2;B;PASILLO;true;INDEFINIDO;NINGUNO
HK2008;2;C;PASILLO;true;INDEFINIDO;NINGUNO
HK2008;2;D;VENTANA;true;INDEFINIDO;NINGUNO
HK2008;3;A;VENTANA;true;INDEFINIDO;NINGUNO
HK2008;3;B;PASILLO;true;INDEFINIDO;NINGUNO
HK2008;3;C;PASILLO;true;INDEFINIDO;NINGUNO
HK2008;3;D;VENTANA;true;INDEFINIDO;NINGUNO
HK2008;4;A;VENTANA;true;INDEFINIDO;NINGUNO
HK2008;4;B;PASILLO;true;INDEFINIDO;NINGUNO
HK2008;4;C;PASILLO;true;INDEFINIDO;NINGUNO
HK2008;4;D;VENTANA;true;INDEFINIDO;NINGUNO
HK2008;5;A;VENTANA;true
HK2008;5;B;CENTRAL;true
HK2008;5;C;PASILLO;true
HK2008;5;D;PASILLO;true
HK2008;5;E;CENTRAL;true
HK2008;5;F;VENTANA;true
HK2008;6;A;VENTANA;true
HK2008;6;B;CENTRAL;true
HK2008;6;C;PASILLO;true
HK2008;6;D;PASILLO;true
HK2008;6;E;CENTRAL;true
HK2008;6;F;VENTANA;true
HK2008;7;A;VENTANA;true
HK2008;7;B;CENTRAL;true
HK2008;7;C;PASILLO;true
HK2008;7;D;PASILLO;true
HK2008;7;E;CENTRAL;true
HK2008;7;F;VENTANA;true
HK2008;8;A;VENTANA;true
HK2008;8;B;CENTRAL;true
HK2008;8;C;PASILLO;true
HK2008;8;D;PASILLO;true
HK2008;8;E;CENTRAL;true
HK2008;8;F;VENTANA;true
HK2008;9;A;VENTANA;true
HK2008;9;B;CENTRAL;true
HK2008;9;C;PASILLO;true
HK2008;9;D;PASILLO;true
HK2008;9;E;CENTRAL;true
HK2008;9;F;VENTANA;true
HK2008;10;A;VENTANA;true
HK2008;10;B;CENTRAL;true
HK2008;10;C;PASILLO;true
HK2008;10;D;PASILLO;true
HK2008;10;E;CENTRAL;true
HK2008;10;F;VENTANA;true
HK2008;11;A;VENTANA;true
HK2008;11;B;CENTRAL;true
HK2008;11;C;PASILLO;true
HK2008;11;D;PASILLO;true
HK2008;11;E;CENTRAL;true
HK2008;11;F;VENTANA;true
